Session Name,Order,Topic group,Award Candidates,Order,Paper No,Title,Authors,Affiliations,Visa challenges,Keywords,Paper type
01 - Perception and Navigation,1,Perception and Navigation,maybe,1,270,Learned Perceptive Forward Dynamics Model for Safe and Platform-aware Robotic Navigation,Pascal Roth;Jonas Frey;Cesar Cadena;Marco Hutter,ethz.ch,,Robot Learning: Model Learning;Autonomous Vehicle Navigation & Mobile Robots;Robot Planning,
01 - Perception and Navigation,2,Perception and Navigation,maybe,2,542,Demonstrating ViSafe: Vision-enabled Safety for High-speed Detect and Avoid,Parv kapoor;Ian Higgins;Nikhil Varma Keetha;Jay Patrikar;Brady Moon;Zelin Ye;Yao He;Ivan Cisneros;Changliu Liu;Eunsuk Kang;Sebastian Scherer,stanford.edu;cmu.edu;meta.com;andrew.cmu.edu,,"Field Robotics (e.g., Aerial, Agricultural, Construction, Space, Underwater Robotics);Autonomous Vehicle Navigation & Mobile Robots;Formal Methods for Robotics",demo
01 - Perception and Navigation,3,Perception and Navigation,maybe,3,334,Self-supervised Multi-future Occupancy Forecasting for Autonomous Driving,Bernard Lange;Masha Itkina;Jiachen Li;Mykel Kochenderfer,tri.global;stanford.edu;ucr.edu,,"Autonomous Vehicle Navigation & Mobile Robots;Robot Perception, Sensing & Vision;Robot Learning: Foundation Models",
01 - Perception and Navigation,4,Perception and Navigation,maybe,4,387,MISO: Multiresolution Submap Optimization for Efficient Globally Consistent Neural Implicit Reconstruction,Yulun Tian;Hanwen Cao;Sunghwan Kim;Nikolay Atanasov,ucsd.edu,,"Robot State Estimation, Localization & Mapping;Perceptual Learning;Robot Perception, Sensing & Vision",
01 - Perception and Navigation,5,Perception and Navigation,yes,5,227,Doppler Correspondence: Non-Iterative Scan Matching With Doppler Velocity-Based Correspondence,Jiwoo Kim;Geunsik Bae;Changseung Kim;Jinwoo Lee;Woojae Shin;Hyondong Oh,unist.ac.kr,,"Robot State Estimation, Localization & Mapping;Autonomous Vehicle Navigation & Mobile Robots;Robot Perception, Sensing & Vision",
01 - Perception and Navigation,6,Navigation,,6,491,DRO: Doppler-Aware Direct Radar Odometry with Gyroscope,Cedric Le Gentil;Leonardo Brizi;Daniil Lisus;Xinyuan Qiao;Giorgio Grisetti;Timothy Barfoot,uniroma1.it;mail.utoronto.ca;utoronto.ca,,"Robot State Estimation, Localization & Mapping;Robot Perception, Sensing & Vision;Autonomous Vehicle Navigation & Mobile Robots",
01 - Perception and Navigation,7,Perception and Navigation,,7,627,Certifiably-Correct Mapping for Safe Navigation Despite Odometry Drift,Devansh R Agrawal;Rajiv Govindjee;Taekyung Kim;Trushant Adeshara;Jiangbo Yu;Anurekha Ravikumar;Dimitra Panagou,umich.edu,,"Robot State Estimation, Localization & Mapping;Formal Methods for Robotics;Autonomous Vehicle Navigation & Mobile Robots",
01 - Perception and Navigation,8,Control,,8,699,Kinodynamic Trajectory Following with STELA: Simultaneous Trajectory Estimation & Local Adaptation,Edgar Granados;Sumanth Tangirala;Kostas Bekris,rutgers.edu;cs.rutgers.edu,,"Robot Planning;Robot State Estimation, Localization & Mapping;Autonomous Vehicle Navigation & Mobile Robots",
01 - Perception and Navigation,9,Perception and Navigation,,9,288,Debiasing 6-DOF IMU via Hierarchical Learning of Continuous Bias Dynamics,Ben Liu;Tzu-Yuan Lin;Wei Zhang;Maani Ghaffari,mail.sustech.edu.cn;sustech.edu.cn;mit.edu;umich.edu,,"Robot State Estimation, Localization & Mapping;Robot Perception, Sensing & Vision;Robot Learning: Model Learning",
02 - VLA,1,VLA,maybe,1,776,$\pi_0$: A Vision-Language-Action Flow Model for General Robot Control,Kevin Black;Noah Brown;Danny Driess;Adnan Esmail;Michael Robert Equi;Chelsea Finn;Niccolo Fusai;Lachy Groom;Karol Hausman;brian ichter;Szymon Jakubczak;Tim Jones;Liyiming Ke;Sergey Levine;Adrian Li-Bell;Mohith Mothukuri;Suraj Nair;Karl Pertsch;Lucy Xiaoyang Shi;Laura Smith;James Tanner;Quan Vuong;Anna Walling;Haohuan Wang;Ury Zhilinsky,berkeley.edu;research.google.com;physicalintelligence.company;google.com;stanford.edu,,Robot Learning: Foundation Models,
02 - VLA,2,VLA,maybe,2,205,SpatialVLA: Exploring Spatial Representations for Visual-Language-Action Models,Delin Qu;Haoming Song;Qizhi Chen;Yuanqi Yao;Xinyi Ye;Jiayuan Gu;Zhigang Wang;Yan Ding;Bin Zhao;Dong Wang;Xuelong Li,sjtu.edu.cn;chinatelecom.cn;zju.edu.cn;hit.edu.cn;pjlab.org.cn;shanghaitech.edu.cn;fudan.edu.cn,yes,Robot Learning: Foundation Models;Robot Learning: Imitation Learning;Grasping & Manipulation,
02 - VLA,3,VLA,yes,3,173,FAST: Efficient Action Tokenization for Vision-Language-Action Models,Karl Pertsch;Kyle Stachowicz;brian ichter;Danny Driess;Suraj Nair;Quan Vuong;Oier Mees;Chelsea Finn;Sergey Levine,google.com;berkeley.edu;eecs.berkeley.edu;physicalintelligence.company,,Robot Learning: Foundation Models;Robot Learning: Imitation Learning;Grasping & Manipulation,
02 - VLA,4,VLA,maybe,4,38,Uni-NaVid: A Video-based Vision-Language-Action Model for Unifying Embodied Navigation Tasks,Jiazhao Zhang;Kunyu Wang;Shaoan Wang;Minghan Li;Haoran Liu;Songlin Wei;Zhongyuan Wang;Zhizheng Zhang;He Wang,ustc.edu.cn;pku.edu.cn;stu.pku.edu.cn;swjtu.edu;baai.ac.cn;galbot.com,yes,Autonomous Vehicle Navigation & Mobile Robots;Robot Learning: Foundation Models,
02 - VLA,5,VLA,yes,5,15,Learning to Act Anywhere with Task-centric Latent Actions,Qingwen Bu;Yanting Yang;Jisong Cai;Shenyuan Gao;Guanghui Ren;Maoqing Yao;Ping Luo;Hongyang Li,sjtu.edu.cn;agibot.com;hku.hk;pjlab.org.cn;zju.edu.cn;ust.hk,,Robot Learning: Foundation Models;Robot Learning: Imitation Learning;Grasping & Manipulation,
02 - VLA,6,VLA,,6,568,Unified World Models: Coupling Video and Action Diffusion for Pretraining on Large Robotic Datasets,Chuning Zhu;Raymond Yu;Siyuan Feng;Benjamin Burchfiel;Paarth Shah;Abhishek Gupta,tri.global;cs.washington.edu;uw.edu,,Robot Learning: Imitation Learning;Robot Learning: Foundation Models,
02 - VLA,7,VLA,,7,416,CLIP-RT: Learning Language-Conditioned Robotic Policies from Natural Language Supervision,Gi-Cheon Kang;Junghyun Kim;Kyuhwan Shim;Jun Ki Lee;Byoung-Tak Zhang,snu.ac.kr,,Robot Learning: Foundation Models;Human-Robot Interaction;Grasping & Manipulation,
02 - VLA,8,VLA,,8,707,Fine-Tuning Vision-Language-Action Models: Optimizing Speed and Success,Moo Jin Kim;Chelsea Finn;Percy Liang,physicalintelligence.company;stanford.edu,,Robot Learning: Foundation Models;Robot Learning: Imitation Learning;Grasping & Manipulation,
02 - VLA,9,VLA,,9,9,NaVILA: Legged Robot Vision-Language-Action Model for Navigation,An-Chieh Cheng;Yandong Ji;Zhaojing Yang;Zaitian Gongye;Xueyan Zou;Jan Kautz;Erdem Biyik;Hongxu Yin;Sifei Liu;Xiaolong Wang,ucsd.edu;nvidia.com;usc.edu,,Robot Learning: Foundation Models;Humanoid & Walking Robots;Robot Learning: Datasets and Benchmarks,
02 - VLA,10,VLA,,10,394,ConRFT: A Reinforced Fine-tuning Method for VLA Models via Consistency Policy,YUHUI CHEN;Shuai Tian;Shugao Liu;Yingting Zhou;Haoran Li;Dongbin Zhao,jlu.edu.cn;ia.cas.cn;ia.ac.cn,yes,Robot Learning: Reinforcement Learning;Robot Learning: Foundation Models;Robot Learning: Imitation Learning,
03 - Scaling Robot Learning,1,RL,yes,1,726,Demonstrating MuJoCo Playground,Kevin Zakka;Baruch Tabanpour;Qiayuan Liao;Mustafa Haiderbhai;Samuel Holt;Jing Yuan Luo;Arthur Allshire;Erik Frey;Koushil Sreenath;Lueder Alexander Kahrs;Carmelo Sferrazza;Yuval Tassa;Pieter Abbeel,berkeley.edu;cam.ac.uk;utoronto.ca;amazon.com;research.google.com;gmail.com;cs.toronto.edu;google.com,,Robot Learning: Reinforcement Learning;Robot Modeling & Simulation,demo
03 - Scaling Robot Learning,2,RL,maybe,2,126,Demonstrating GPU Parallelized Robot Simulation and Rendering for Generalizable Embodied AI with ManiSkill3,Stone Tao;Fanbo Xiang;Arth Shukla;Yuzhe Qin;Xander Hinrichsen;Xiaodi Yuan;Chen Bao;Xinsong Lin;Yulin Liu;Tse-Kai Chan;Yuan Gao;Xuanlin Li;Tongzhou Mu;Nan Xiao;Arnav Gurha;Viswesh N;Yong Woo Choi;Yen-Ru Chen;Zhiao Huang;Roberto Calandra;Rui Chen;Shan Luo;Hao Su,cmu.edu;hillbot.ai;kcl.ac.uk;ucsd.edu;tsinghua.edu.cn;eng.ucsd.edu;tu-dresden.de,,Robot Modeling & Simulation;Robot Learning: Reinforcement Learning;Robot Learning: Datasets and Benchmarks,demo
03 - Scaling Robot Learning,3,Loco-Manipulation,maybe,3,52,"RoboVerse: A Unified Platform, Benchmark and Dataset for Scalable and Generalizable Robot Learning",Haoran Geng;Feishi Wang;Songlin Wei;Yuyang Li;Bangjun Wang;Boshi An;Haozhe Lou;Charlie Tianyue Cheng;Peihao Li;Haozhe Chen;Yutong Liang;Yuxi Qian;Jiageng Mao;Weikang Wan;Yiran Geng;Mingtong Zhang;Jiangran Lyu;Siheng Zhao;Jiazhao Zhang;Chaoyi Xu;Jialiang Zhang;Chengyang Zhao;Haoran Lu;Yufei Ding;Ran Gong;Yuran Wang;Yuxuan Kuang;Ruihai Wu;Baoxiong Jia;Hao Dong;Siyuan Huang;Yue Wang;Jitendra Malik;Pieter Abbeel,stanford.edu;cmu.edu;pku.edu.cn;berkeley.edu;usc.deu;stu.pku.edu.cn;amazon.com;ucsd.edu;epfl.ch;eecs.berkeley.edu;illinois.edu;theaiinstitute.com;umich.edu;usc.edu;bupt.edu.cn;bigai.ai;fb.com,,Robot Learning: Datasets and Benchmarks;Robot Modeling & Simulation;Robot Learning: Foundation Models,
03 - Scaling Robot Learning,4,theory / robot learning,maybe,4,362,Robot Data Curation with Mutual Information Estimators,Joey Hejna;Suvir Mirchandani;Ashwin Balakrishna;Annie Xie;Ayzaan Wahid;Jonathan Tompson;Pannag R Sanketi;Dhruv Shah;Coline Manon Devin;Dorsa Sadigh,google.com;deepmind.com;stanford.edu;tri.global,,Robot Learning: Imitation Learning;Robot Learning: Datasets and Benchmarks;Robot Learning: Foundation Models,
03 - Scaling Robot Learning,5,theory / robot learning,yes,5,560,Coherance-based Approximate Derivatives via Web of Affine Spaces Optimization,Daniel Rakita;Chen Liang;Qian Wang,yale.edu,,Formal Methods for Robotics;Robot Modeling & Simulation;Control & Dynamics,
03 - Scaling Robot Learning,6,RL,,6,361,Robot Learning with Super-Linear Scaling,Marcel Torne Villasevil;Arhan Jain;Jiayi Yuan;Vidyaaranya Macha;Lars Lien Ankile;Anthony Simeonov;Pulkit Agrawal;Abhishek Gupta,mit.edu;cs.washington.edu;uw.edu;stanford.edu,,Robot Learning: Reinforcement Learning;Robot Modeling & Simulation;Grasping & Manipulation,
03 - Scaling Robot Learning,7,theory / robot learning,,7,701,Action Flow Matching for Lifelong Learning,Alejandro Murillo-González;Lantao Liu,iu.edu,,Robot Learning: Model Learning;Cognitive Modeling & Knowledge Representation for Robots;Autonomous Vehicle Navigation & Mobile Robots,
03 - Scaling Robot Learning,8,RL,maybe,8,291,Solving Multi-Agent Safe Optimal Control with Distributed Epigraph Form MARL,Songyuan Zhang;Oswin So;Mitchell Black;Zachary Serlin;Chuchu Fan,mit.edu;ll.mit.edu,,Robot Learning: Reinforcement Learning;Multi-Robot & Networked Systems;Autonomous Vehicle Navigation & Mobile Robots,
03 - Scaling Robot Learning,9,RL,,9,79,RLDG: Robotic Generalist Policy Distillation via Reinforcement Learning,Charles Xu;Qiyang Li;Jianlan Luo;Sergey Levine,berkeley.edu;eecs.berkeley.edu,,Robot Learning: Foundation Models;Robot Learning: Reinforcement Learning;Grasping & Manipulation,
04 - Perception,1,Perception and Navigation,,1,753,ROMAN: Open-Set Object Map Alignment for Robust View-Invariant Global Localization,Mason Peterson;Yixuan Jia;Yulun Tian;Annika Thomas;JONATHAN P HOW,mit.edu;ucsd.edu,,"Robot State Estimation, Localization & Mapping;Robot Perception, Sensing & Vision;Multi-Robot & Networked Systems",
04 - Perception,2,Perception,,2,480,GauSS-MI: Gaussian Splatting Shannon Mutual Information for Active 3D Reconstruction,Yuhan Xie;Yixi Cai;Yinqiang Zhang;Lei Yang;Jia Pan,hku.hk;kth.se,yes,"Robot State Estimation, Localization & Mapping;Robot Planning;Robot Perception, Sensing & Vision",
04 - Perception,3,Perception,yes,3,59,LiDAR Registration with Visual Foundation Models,Niclas Vödisch;Giovanni Cioffi;Marco Cannici;Wolfram Burgard;Davide Scaramuzza,utn.de;ifi.uzh.ch;uzh.ch;uni-freiburg.de,,"Robot State Estimation, Localization & Mapping;Robot Learning: Foundation Models;Autonomous Vehicle Navigation & Mobile Robots",
04 - Perception,4,Perception,yes,4,135,Building Rome with Convex Optimization,Haoyu Han;Heng Yang,seas.harvard.edu;harvard.edu,,"Robot Perception, Sensing & Vision;Robot State Estimation, Localization & Mapping",
04 - Perception,5,Perception,,5,133,Demonstrating MOSART: Opening Articulated Objects in the Real World,Arjun Gupta;Michelle Zhang;Rishik Sathua;Saurabh Gupta,uiuc.edu;illinois.edu,,"Grasping & Manipulation;Robot Perception, Sensing & Vision;Perceptual Learning",demo
04 - Perception,6,Perception,,6,575,Vysics: Object Reconstruction Under Occlusion by Fusing Vision and Contact-Rich Physics,Bibit Bianchini;Minghan Zhu;Mengti Sun;Bowen Jiang;Camillo Jose Taylor;Michael Posa,upenn.edu;umich.edu,,"Robot Learning: Model Learning;Robot Perception, Sensing & Vision;Control & Dynamics",
04 - Perception,7,Perception,,7,758,Implicit Neural-Representation Learning for Elastic Deformable-Object Manipulations,JeongHo Ha;Minseok Song;Bonggyeong Park;Daehyung Park,kaist.ac.kr;gatech.edu,,"Grasping & Manipulation;Robot Learning: Reinforcement Learning;Assembly, Logistics and Manufacturing",
04 - Perception,8,Perception,maybe,8,172,Particle-Grid Neural Dynamics for Learning Deformable Object Models from Depth Images,Kaifeng Zhang;Baoyu Li;Kris Hauser;Yunzhu Li,columbia.edu;illinois.edu,,"Robot Learning: Model Learning;Robot Perception, Sensing & Vision;Grasping & Manipulation",
04 - Perception,9,Perception,,9,122,V-HOP: Visuo-Haptic 6D Object Pose Tracking,Hongyu Li;Mingxi Jia;Mete Tuluhan Akbulut;Yu Xiang;George Konidaris;Srinath Sridhar,utdallas.edu;brown.edu,,"Robot Perception, Sensing & Vision;Perceptual Learning;Grasping & Manipulation",
04 - Perception,10,Perception,,10,354,Autotune: Joint Weight Tuning and Estimation,Kasra Khosoussi;Iman Shames,uq.edu.au;anu.edu.au,,"Robot State Estimation, Localization & Mapping",
04 - Perception,11,Perception,,11,669,Map Space Belief Prediction for Manipulation-Enhanced Mapping,Joao Marcos Correia Marques;Nils Dengler;Jesper Mücke;Tobias Zaenker;Shenlong Wang;Maren Bennewitz;Kris Hauser,uni-bonn.de;illinois.edu;cs.illinois.edu;cs.uni-bonn.de,,"Robot Perception, Sensing & Vision;Robot Planning;Grasping & Manipulation",
04 - Perception,12,Perception,,12,25,PINGS: Gaussian Splatting Meets Distance Fields within a Point-Based Implicit Neural Map,Yue Pan;Xingguang Zhong;Liren Jin;Louis Wiesmann;Marija Popovic;Jens Behley;Cyrill Stachniss,igg.uni-bonn.de;uni-bonn.de;tudelft.nl,,"Robot State Estimation, Localization & Mapping;Robot Perception, Sensing & Vision;Autonomous Vehicle Navigation & Mobile Robots",
04 - Perception,13,Perception,,13,504,RAMEN: Real-time Asynchronous Multi-agent Neural Implicit Mapping,Hongrui Zhao;Boris Ivanovic;Negar Mehr,berkeley.edu;uiuc.edu;nvidia.com,,"Robot Perception, Sensing & Vision;Multi-Robot & Networked Systems;Robot State Estimation, Localization & Mapping",
04 - Perception,14,Manipulation,,14,19,RoboPanoptes: The All-Seeing Robot with Whole-body Dexterity,Xiaomeng Xu;Dominik Bauer;Shuran Song,columbia.edu;cs.columbia.edu;stanford.edu,,"Robot Perception, Sensing & Vision;Grasping & Manipulation;Mechanisms & Design",
05 - Planning,1,Planning,maybe,1,10,Bilevel Learning for Bilevel Planning,Bowen Li;Tom Silver;Sebastian Scherer;Alexander G. Gray,princeton.edu;cmu.edu;ibm.com;cs.cmu.edu,,Robot Planning;Robot Learning: Model Learning;Robot Learning: Imitation Learning,
05 - Planning,2,Planning,,2,123,A Biconvex Method for Minimum-Time Motion Planning Through Sequences of Convex Sets,Tobia Marcucci;Mathew Halm;William Yang;Dongchan Lee;Andrew Marchese,amazon.com;seas.upenn.edu;ucsb.edu,,"Robot Planning;Control & Dynamics;Assembly, Logistics and Manufacturing",
05 - Planning,3,Planning,,3,186,Superfast Configuration-Space Convex Set Computation on GPUs for Online Motion Planning,Peter Werner;Richard Cheng;Tom Stewart;Russ Tedrake;Daniela Rus,mit.edu;tri.global;woven-planet.global;csail.mit.edu;toyota.com,,Robot Planning;Grasping & Manipulation;Formal Methods for Robotics,
05 - Planning,4,Planning,,4,353,Global Contact-Rich Planning with Sparsity-Rich Semidefinite Relaxations,Guorui Liu;Shucheng Kang;Heng Yang,mail.ustc.edu.cn;seas.harvard.edu;harvard.edu,,Control & Dynamics;Robot Planning,
05 - Planning,5,Planning,,5,199,On the Surprising Robustness of Sequential Convex Optimization for Contact-Implicit Motion Planning,Yulin Li;Haoyu Han;Shucheng Kang;Jun Ma;Heng Yang,hkust.edu.hk;seas.harvard.edu;harvard.edu;ust.hk,yes,Control & Dynamics;Robot Planning,
05 - Planning,6,Planning,,6,234,Effective Sampling for Robot Motion Planning Through the Lens of Lattices,Itai Panasoff;Kiril Solovey,technion.ac.il;technion.il,,Robot Planning;Multi-Robot & Networked Systems;Autonomous Vehicle Navigation & Mobile Robots,
05 - Planning,7,Planning,,7,499,Efficient Hierarchical Any-Angle Path Planning on Multi-Resolution 3D Grids,Victor Reijgwart;Cesar Cadena;Roland Siegwart;Lionel Ott,theaiinstitute.com;ethz.ch,,"Robot Planning;Autonomous Vehicle Navigation & Mobile Robots;Robot State Estimation, Localization & Mapping",
05 - Planning,8,Planning,,8,581,Differentiable GPU-Parallelized Task and Motion Planning,William Shen;Caelan Reed Garrett;Nishanth Kumar;Ankit Goyal;Tucker Hermans;Leslie Pack Kaelbling;Tomás Lozano-Pérez;Fabio Ramos,mit.edu;nvidia.com;sydney.edu.au,,Robot Planning;Grasping & Manipulation;Robot Modeling & Simulation,
05 - Planning,9,Planning,,9,652,Flow Matching Ergodic Coverage,Max Muchen Sun;Allison Pinosky;Todd Murphey,northwestern.edu,,Robot Planning;Control & Dynamics,
06 - Manipulation 1,1,Manipulation,yes,1,754,Reactive Diffusion Policy: Slow-Fast Visual-Tactile Policy Learning for Contact-Rich Manipulation,Han Xue;Jieji Ren;Wendi Chen;Gu Zhang;Fang Yuan;Guoying Gu;Huazhe Xu;Cewu Lu,mails.tsinghua.edu.cn;sjtu.edu.cn;tsinghua.edu.cn,yes,"Robot Learning: Imitation Learning;Robot Perception, Sensing & Vision;Grasping & Manipulation",
06 - Manipulation 1,2,Manipulation,,2,272,Physics-Driven Data Generation for Contact-Rich Manipulation via Trajectory Optimization,Lujie Yang;H.J. Terry Suh;Tong Zhao;Bernhard Paus Graesdal;Tarik Kelestemur;Jiuguang Wang;Tao Pang;Russ Tedrake,mit.edu;tri.global;theaiinstitute.com,,Grasping & Manipulation;Robot Planning;Robot Learning: Imitation Learning,
06 - Manipulation 1,3,Manipulation,,3,497,ViTaSCOPE: Visuo-tactile Implicit Representation for In-hand Pose and Extrinsic Contact Estimation,Jayjun Lee;Nima Fazeli,umich.edu,,"Robot Perception, Sensing & Vision;Robot Modeling & Simulation;Grasping & Manipulation",
06 - Manipulation 1,4,Manipulation,,4,215,Design of a low-cost and lightweight 6 DoF bimanual arm for dynamic and contact-rich manipulation,Jaehyung Kim;Jiho Kim;Dongryung Lee;Yujin Jang;Beomjoon Kim,seoultech.ac.kr;kaist.ac.kr,,Mechanisms & Design;Robot Learning: Reinforcement Learning;Robot Learning: Imitation Learning,
06 - Manipulation 1,5,Manipulation,,5,143,PP-Tac: Paper Picking Using Omnidirectional Tactile Feedback in Dexterous Robotic Hands,Pei Lin;Yuzhe Huang;Jianpeng Ma;Chenxi Xiao;Wanlin Li;Ziyuan Jiao,shanghaitech.edu.cn;shanghaitech.edu.cm;bigai.ai;buaa.edu.cn,yes,"Robot Perception, Sensing & Vision;Grasping & Manipulation;Robot Learning: Imitation Learning",
06 - Manipulation 1,6,Manipulation,,6,650,GeoDEx: A Unified Geometric Framework for Tactile Dexterous and Extrinsic Manipulation under Force Uncertainty,Sirui Chen;Sergio Francisco Aguilera Marinovic;Soshi Iba;Rana Soltani Zarrin,honda-ri.com;stanford.edu,,"Grasping & Manipulation;Control & Dynamics;Robot Perception, Sensing & Vision",
06 - Manipulation 1,7,Manipulation,,7,343,Demonstrating the Octopi-1.5 Visual-Tactile-Language Model,Samson Yu;Lin Kelvin;Harold Soh,nus.edu.sg;u.nus.edu,,Robot Learning: Foundation Models,demo
06 - Manipulation 1,8,Manipulation,,8,537,Demonstrating REASSEMBLE: A Multimodal Dataset for Contact-rich Robotic Assembly and Disassembly,Daniel Sliwowski;Shail Jadav;Sergej Stanovcic;Jędrzej Orbik;Johannes Heidersberger;Dongheui Lee,tuwien.ac.at;berkeley.edu,,"Robot Learning: Datasets and Benchmarks;Grasping & Manipulation;Robot Perception, Sensing & Vision",demo
06 - Manipulation 1,9,Manipulation,,9,295,Robust Peg-in-Hole Assembly under Uncertainties via Compliant and Interactive Contact-Rich Manipulation,Yiting Chen;Kenneth Kimble;Howard H. Qian;Podshara Chanrungmaneekul;Robert Seney;Kaiyu Hang,nist.gov;rice.edu,,"Assembly, Logistics and Manufacturing;Grasping & Manipulation;Formal Methods for Robotics",
07 - Humanoids,1,humanoids,maybe,1,113,AMO: Adaptive Motion Optimization for Hyper-Dexterous Humanoid Whole-Body Control,Jialong Li;Xuxin Cheng;Tianshu Huang;Shiqi Yang;Ri-Zhao Qiu;Xiaolong Wang,ucsd.edu,,Humanoid & Walking Robots;Robot Learning: Imitation Learning;Robot Learning: Reinforcement Learning,
07 - Humanoids,2,humanoids,maybe,2,820,"Demonstrating Berkeley Humanoid Lite: An Open-source, Accessible, and Customizable 3D-printed Humanoid Robot",Yufeng Chi;Qiayuan Liao;Junfeng Long;Xiaoyu Huang;Sophia Shao;Borivoje Nikolic;Zhongyu Li;Koushil Sreenath,berkeley.edu;eecs.berkeley.edu,,Mechanisms & Design;Humanoid & Walking Robots,demo
07 - Humanoids,3,humanoids,maybe,3,106,Learning Getting-Up Policies for Real-World Humanoid Robots,Xialin He;Runpei Dong;Zixuan Chen;Saurabh Gupta,illinois.edu;ucsd.edu,,Humanoid & Walking Robots;Robot Learning: Reinforcement Learning;Control & Dynamics,
07 - Humanoids,4,humanoids,maybe,4,401,Learning Humanoid Standing-up Control across Diverse Postures,Tao Huang;Junli Ren;Huayi Wang;ZiRui Wang;Qingwei Ben;Muning Wen;Xiao Chen;Jianan Li;Jiangmiao Pang,cs.zju.edu.cn;sjtu.edu.cn;ie.cuhk.edu;hku.hk;cuhk.edu.hk;pjlab.org.cn,yes,Humanoid & Walking Robots;Control & Dynamics;Robot Planning,
07 - Humanoids,5,humanoids,,5,790,End-to-end Learning of Humanoid Whole-body Control from Natural Language,Yiyang Shao;Bike Zhang;Qiayuan Liao;Xiaoyu Huang;Yuman Gao;Yufeng Chi;Zhongyu Li;Sophia Shao;Koushil Sreenath,berkeley.edu;eecs.berkeley.edu;zjut.edu.cn;mail.ustc.edu.cn,,Humanoid & Walking Robots;Robot Learning: Reinforcement Learning;Robot Learning: Imitation Learning,
07 - Humanoids,6,humanoids,,6,720,ASAP: Aligning Simulation and Real-World Physics for Learning Agile Humanoid Whole-Body Skills,Tairan He;Jiawei Gao;Wenli Xiao;Yuanhang Zhang;Zi Wang;Jiashun Wang;Zhengyi Luo;Guanqi He;Nikhil Sobanbabu;Chaoyi Pan;Zeji Yi;Guannan Qu;Kris Kitani;Jessica K. Hodgins;Linxi Fan;Yuke Zhu;Changliu Liu;Guanya Shi,cmu.edu;meta.com;andrew.cmu.edu;theaiinstitute.com;nvidia.com;cs.utexas.edu;cs.cmu.edu,,Robot Learning: Reinforcement Learning;Humanoid & Walking Robots;Control & Dynamics,
07 - Humanoids,7,humanoids,,7,265,A Unified and General Humanoid Whole-Body Controller for Fine-Grained Locomotion,Yufei Xue;Wentao Dong;Minghuan Liu;Weinan Zhang;Jiangmiao Pang,sjtu.edu.cn;pjlab.org.cn,yes,Robot Learning: Reinforcement Learning;Humanoid & Walking Robots;Control & Dynamics,
07 - Humanoids,8,humanoids,,8,811,BeamDojo: Learning Agile Humanoid Locomotion on Sparse Footholds,Huayi Wang;ZiRui Wang;Junli Ren;Qingwei Ben;Tao Huang;Weinan Zhang;Jiangmiao Pang,cs.zju.edu.cn;sjtu.edu.cn;hku.hk;cuhk.edu.hk;pjlab.org.cn,yes,Robot Learning: Reinforcement Learning;Humanoid & Walking Robots;Control & Dynamics,
07 - Humanoids,9,humanoids,,9,369,Gait-Net-augmented Implicit Kino-dynamic MPC for Dynamic Variable-frequency Humanoid Locomotion over Discrete Terrains,Junheng Li;Ziwei Duan;Junchao Ma;Quan Nguyen,usc.edu,,Humanoid & Walking Robots;Control & Dynamics;Robot Planning,
07 - Humanoids,10,Loco-Manipulation,,10,28,HOMIE: Humanoid Loco-Manipulation with Isomorphic Exoskeleton Cockpit,Qingwei Ben;Feiyu Jia;Jia Zeng;Junting Dong;Dahua Lin;Jiangmiao Pang,cuhk.edu.hk;nwpu.edu.cn;pjlab.org.cn,yes,Humanoid & Walking Robots;Robot Learning: Reinforcement Learning;Human-Robot Interaction,
08 - Imitation Learning 1,1,Imitation Learning,,1,310,Curating Demonstrations using Online Experience,Annie S Chen;Alec M. Lessing;Yuejiang Liu;Chelsea Finn,cs.stanford.edu;google.com;physicalintelligence.company,,Robot Learning: Imitation Learning,
08 - Imitation Learning 1,2,Imitation Learning,,2,340,CodeDiffuser: Attention-Enhanced Diffusion Policy via VLM-Generated Code for Instruction Ambiguity,Guang Yin;Yitong Li;Yixuan Wang;Dale McConachie;Paarth Shah;Kunimatsu Hashimoto;Huan Zhang;Katherine Liu;Yunzhu Li,mails.tsinghua.edu.cn;uiuc.edu;tri.global;columbia.edu,,"Robot Learning: Imitation Learning;Robot Learning: Foundation Models;Robot Perception, Sensing & Vision;Grasping & Manipulation",
08 - Imitation Learning 1,3,Imitation Learning,maybe,3,317,Can We Detect Failures Without Failure Data? Uncertainty-Aware Runtime Failure Detection for Imitation Learning Policies,Chen Xu;Tony Khuong Nguyen;Emma Dixon;Christopher Rodriguez;Patrick Miller;Robert Lee;Paarth Shah;Rares Andrei Ambrus;Haruki Nishimura;Masha Itkina,woven.toyota;tri.global;sjsu.edu,,Robot Learning: Imitation Learning;Perceptual Learning;Grasping & Manipulation,
08 - Imitation Learning 1,4,Imitation Learning,,4,214,Unified Video Action Model,Shuang Li;Yihuai Gao;Dorsa Sadigh;Shuran Song,cs.columbia.edu;mit.edu;google.com;stanford.edu,,Robot Learning: Imitation Learning;Robot Learning: Foundation Models,
08 - Imitation Learning 1,5,Imitation Learning,,5,703,DexWild: Dexterous Human Interactions for In-the-Wild Robot Policies,Tony Tao;Mohan Kumar Srirama;Jason Jingzhou Liu;Kenneth Shaw;Deepak Pathak,cmu.edu;skild.ai,,Robot Learning: Imitation Learning;Robot Learning: Foundation Models;Grasping & Manipulation,
08 - Imitation Learning 1,6,Imitation Learning,,6,527,From Foresight to Forethought: VLM-In-the-Loop Policy Steering via Latent Alignment,Yilin Wu;Thomas Tian;Gokul Swamy;Andrea Bajcsy,cmu.edu;berkeley.edu,,Robot Learning: Imitation Learning;Robot Learning: Foundation Models;Grasping & Manipulation,
08 - Imitation Learning 1,7,Imitation Learning,,7,548,Is Your Imitation Learning Policy Better than Mine? Policy Comparison with Near-Optimal Stopping,David Snyder;Asher James Hancock;Apurva Badithela;Emma Dixon;Patrick Miller;Rares Andrei Ambrus;Anirudha Majumdar;Masha Itkina;Haruki Nishimura,princeton.edu;google.com;tri.global,,Robot Learning: Imitation Learning;Robot Learning: Foundation Models;Grasping & Manipulation,
08 - Imitation Learning 1,8,Imitation Learning,,8,664,DDAT: Diffusion Policies Enforcing Dynamically Admissible Robot Trajectories,Jean-Baptiste Bouvier;Kanghyun Ryu;Qiayuan Liao;Koushil Sreenath;Negar Mehr,berkeley.edu,,Robot Learning: Imitation Learning;Control & Dynamics;Robot Planning,
08 - Imitation Learning 1,9,Imitation Learning,,9,320,FACTR: Force-Attending Curriculum Training for Contact-Rich Policy Learning,Jason Jingzhou Liu;Yulong Li;Kenneth Shaw;Tony Tao;Russ Salakhutdinov;Deepak Pathak,cmu.edu;skild.ai;cs.cmu.edu,,Robot Learning: Imitation Learning;Grasping & Manipulation;Control & Dynamics,
09 - HRI,1,HRI,maybe,1,39,Morpheus: A Neural-driven Animatronic Face with Hybrid Actuation and Diverse Emotion Control,Zongzheng Zhang;Jiawen Yang;Ziqiao Peng;Meng Yang;Jianzhu Ma;Lin Cheng;Huazhe Xu;Hang Zhao;Hao Zhao,umc.edu;ruc.edu.cn;tsinghua.edu.cn;buaa.edu.cn;mails.tsinghua.edu.cn,,Human-Robot Interaction,
09 - HRI,2,HRI,maybe,2,801,Interface-level Intent Inference for Environment-agnostic Robot Teleoperation Assistance,Larisa Y.C. Loke;Brenna Argall,u.northwestern.edu;sralab.org,,"Human-Robot Interaction;Assistive, Entertainment and Service Robots;Control & Dynamics",
09 - HRI,3,HRI,maybe,3,99,Sense and Sensibility: What makes an social robot convincing to high-school students?,Pablo Gonzalez-Oliveras;Olov Engwall;Ali Reza Majlesi,ki.se;kth.se,,"Human-Robot Interaction;Assistive, Entertainment and Service Robots",
09 - HRI,4,HRI,maybe,4,283,FEAST: A Flexible Mealtime-Assistance System Tackling In-the-Wild Scenarios,Rajat Kumar Jenamani;Tom Silver;Ben Dodson;Shiqin Tong;Anthony Song;Yuting Yang;Ziang Liu;Benjamin Howe;Aimee Whitneck;Tapomayukh Bhattacharjee,maine.edu;med.cornell.edu;princeton.edu;gmail.com;umich.edu;cornell.edu;cs.cornell.edu,,"Assistive, Entertainment and Service Robots;Human-Robot Interaction;Robot Learning: Foundation Models",
09 - HRI,5,HRI,maybe,5,403,Demonstrating a Control Framework for Physical Human-Robot Interaction Toward Industrial Applications,Bastien Muraccioli;Mathieu Celerier;Mehdi Benallegue;Gentiane Venture,aist.go.jp;u-tokyo.ac.jp,,Human-Robot Interaction;Control & Dynamics;Robot Modeling & Simulation,demo
09 - HRI,6,HRI,maybe,6,830,Users and Wizards in Conversations: How WoZ Interface Choices Define Human-Robot Interactions,Ekaterina Torubarova;Jura Miniotaite;Andre Pereira,kth.se,,Human-Robot Interaction;Mechanisms & Design;Robot Learning: Imitation Learning,
09 - HRI,7,HRI,,7,607,Demonstrating Shared Force-Language Embeddings for Natural Human-Robot Communication,Ravi Tejwani;Karl Angel Velazquez;John Payne;Paolo Bonato;Haruhiko Asada,mit.edu;mgh.harvard.edu,,"Human-Robot Interaction;Assistive, Entertainment and Service Robots;Multi-Robot & Networked Systems",demo
09 - HRI,8,HRI,,8,695,Optimal Interactive Learning on the Job via Facility Location Planning,Shivam Vats;Michelle D Zhao;Patrick Callaghan;Mingxi Jia;Maxim Likhachev;Oliver Kroemer;George Konidaris,cmu.edu;andrew.cmu.edu;brown.edu,,"Human-Robot Interaction;Robot Learning: Imitation Learning;Robot Planning;Assembly, Logistics and Manufacturing",
09 - HRI,9,HRI,,9,159,A Robot-Assisted Approach to Small Talk Training for Adults with ASD,Rebecca Ramnauth;Dražen Brščić;Brian Scassellati,kyoto-u.ac.jp;yale.edu,,"Human-Robot Interaction;Assistive, Entertainment and Service Robots;Mechanisms & Design",
09 - HRI,10,HRI,,10,531,Interruption Handling for Conversational Robots,Shiye Cao;Jiwon Moon;Amama Mahmood;Victor Nikhil Antony;Ziang Xiao;Anqi Liu;Chien-Ming Huang,cs.jhu.edu;jh.edu;jhu.edu,,"Human-Robot Interaction;Assistive, Entertainment and Service Robots;Mechanisms & Design",
09 - HRI,11,HRI,,11,266,ASTRID: A Robotic Tutor for Nurse Training to Reduce Healthcare-Associated Infections,Peizhu Qian;Filip Bajraktari;Carlos Quintero-Pena;Qingxi Meng;Shannan Hamlin;Lydia E Kavraki;Vaibhav V. Unhelkar,houstonmethodist.org;rice.edu;bg.ac.rs;gmail.com,,Medical Robotics,
09 - HRI,12,HRI,,12,639,Towards Uncertainty Unification: A Case Study for Preference Learning,Shaoting Peng;Haonan Chen;Katherine Rose Driggs-Campbell,illinois.edu,,Human-Robot Interaction;Cognitive Modeling & Knowledge Representation for Robots;Robot Learning: Model Learning,
09 - HRI,13,HRI,,13,847,Demonstrating Arena 5.0: A Photorealistic ROS2 Simulation Framework for Developing and Benchmarking Social Navigation,Linh Kästner;Volodymyr Shcherbyna;Harold Soh;Giang Nguyen Huu Truong;Do Duc Anh;Ton Manh Kien;Tim Seeger;Ahmed Martban;Vu Thanh Lam;Nguyen Quoc Hung;Pham Thai Hoang Tung;Tran Dang An;Eva Wiese;Maximilian Ho-Kyoung Schreff,campus.tu-berlin.de;gmail.com;tu-berlin.de;nus.edu.sg;tu.berlin,,Robot Modeling & Simulation;Human-Robot Interaction;Autonomous Vehicle Navigation & Mobile Robots,demo
09 - HRI,14,Navigation,maybe,14,646,Safety with Agency: Human-Centered Safety Filter with Application to AI-Assisted Motorsports,Donggeon David Oh;Justin Lidard;Haimin Hu;Himani Sinhmar;Elle Lazarski;Deepak Edakkattil Gopinath;Emily Sumner;Jonathan DeCastro;Guy Rosman;Naomi Leonard;Jaime Fernández Fisac,princeton.edu;tri.global;mgh.harvard.edu,,"Human-Robot Interaction;Assistive, Entertainment and Service Robots;Robot Learning: Reinforcement Learning",asked to present as demo
10 - Multi-Robot Systems,1,multi agent,,1,632,Multi-Layer Safety for Multi-Agent Reinforcement Learning,Jasmine Jerry Aloor;Jason Jangho Choi;Jingqi Li;Maria G. Mendoza;Hamsa Balakrishnan;Claire Tomlin,berkeley.edu;mit.edu;eecs.berkeley.edu,,Multi-Robot & Networked Systems;Autonomous Vehicle Navigation & Mobile Robots;Robot Learning: Reinforcement Learning,
10 - Multi-Robot Systems,2,multi agent,maybe,2,67,FERMI: Flexible Radio Mapping with a Hybrid Propagation Model and Scalable Autonomous Data Collection,Yiming Luo;Yunfei Wang;Hongming Chen;Chengkai Wu;Ximin Lyu;JINNI ZHOU;Jun Ma;Fu Zhang;Boyu Zhou,mail.sysu.edu.cn;hkust-gz.edu;sustech.edu.cn;sysu.edu.cn;connect.hkust-gz.edu.cn;hku.hk;ust.hk,yes,Multi-Robot & Networked Systems;Autonomous Vehicle Navigation & Mobile Robots;Robot Planning,
10 - Multi-Robot Systems,3,multi agent,,3,508,Online Competitive Information Gathering for Partially Observable Trajectory Games,Mel Krusniak;Hang Xu;Forrest John Laine,vanderbilt.edu,,Multi-Robot & Networked Systems;Robot Planning;Robot Learning: Reinforcement Learning,
10 - Multi-Robot Systems,4,multi agent,,4,428,Collaborative Object Transportation in Space via Impact Interactions,Joris Verhagen;Jana Tumova,kth.se,,Multi-Robot & Networked Systems;Control & Dynamics;Robot Planning,
10 - Multi-Robot Systems,5,multi agent,,5,534,APEX-MR: Multi-Robot Asynchronous Planning and Execution for Cooperative Assembly,Philip Huang;Ruixuan Liu;Shobhit Aggarwal;Changliu Liu;Jiaoyang Li,cmu.edu;andrew.cmu.edu,,"Multi-Robot & Networked Systems;Robot Planning;Assembly, Logistics and Manufacturing",
10 - Multi-Robot Systems,6,multi agent,,6,476,Hierarchical Temporal Logic Task and Motion Planning for Multi-Robot Systems,Zhongqi Wei;Xusheng Luo;Changliu Liu,cmu.edu;andrew.cmu.edu,,"Robot Planning;Formal Methods for Robotics;Assembly, Logistics and Manufacturing",
10 - Multi-Robot Systems,7,multi agent,,7,217,A Probabilistic Measure of Multi-Robot Connectivity and Ergodic Optimal Control,Yongce Liu;Zhongqiang Ren,sjtu.edu.cn,,Multi-Robot & Networked Systems;Robot Planning;Control & Dynamics,
10 - Multi-Robot Systems,8,multi agent,,8,716,How to Coordinate UAVs and UGVs for Efficient Mission Planning? Optimizing Energy-Constrained Cooperative Routing with a DRL Framework,Mohammad Safwan Mondal;Subramanian Ramasamy;Pranav Bhounsule,umass.edu;uic.edu,,Robot Learning: Reinforcement Learning;Robot Planning;Multi-Robot & Networked Systems,
10 - Multi-Robot Systems,9,multi agent,,9,565,Influence of Static and Dynamic Downwash Interactions on Multi-Quadrotor Systems,Anoop Kiran;Nora Ayanian;Kenneth Breuer,brown.edu,,"Multi-Robot & Networked Systems;Control & Dynamics;Field Robotics (e.g., Aerial, Agricultural, Construction, Space, Underwater Robotics)",
11 - Manipulation 2,1,Manipulation,maybe,1,34,DexterityGen: Foundation Controller for Unprecedented Dexterity,Zhao-Heng Yin;Changhao Wang;Luis Pineda;Francois Robert Hogan;Chaithanya Krishna Bodduluri;Akash Sharma;Patrick Lancaster;Ishita Prasad;Mrinal Kalakrishnan;Jitendra Malik;Mike Lambeta;Tingfan Wu;Pieter Abbeel;Mustafa Mukadam,berkeley.edu;meta.com;amazon.com;ucsd.edu;samsung.com;facebook.com;cs.cmu.edu;fb.com,,Control & Dynamics;Grasping & Manipulation;Robot Learning: Foundation Models,
11 - Manipulation 2,2,Manipulation,maybe,2,7,DOGlove: Dexterous Manipulation with a Low-Cost Open-Source Haptic Force Feedback Glove,Han Zhang;Songbo Hu;Zhecheng Yuan;Huazhe Xu,tsinghua.edu.cn;stanford.edu,,Mechanisms & Design;Grasping & Manipulation;Robot Learning: Imitation Learning,
11 - Manipulation 2,3,Manipulation,maybe,3,149,Dexonomy: Synthesizing All Dexterous Grasp Types in a Grasp Taxonomy,Jiayi Chen;Yubin Ke;Lin Peng;He Wang,buaa.edu.cn;pku.edu.cn;galbot.com;stu.pku.edu.cn,yes,Grasping & Manipulation;Robot Planning;Robot Learning: Datasets and Benchmarks,
11 - Manipulation 2,4,Manipulation,maybe,4,77,Dex1B: Learning with 1B Demonstrations for Dexterous Manipulation,Jianglong Ye;Keyi Wang;Chengjing Yuan;Ruihan Yang;Yiquan Li;Jiyue Zhu;Yuzhe Qin;Xueyan Zou;Xiaolong Wang,wisc.edu;ucsd.edu,,Grasping & Manipulation,
11 - Manipulation 2,5,Manipulation,maybe,5,178,Demonstrating Multi-Suction Item Picking at Scale via Multi-Modal Learning of Pick Success,Che Wang;Jeroen Vanbaar;Chaitanya Mitash;Shuai Li;Dylan Randle;Weiyao Wang;Sumedh Anand Sontakke;Kostas Bekris;Kapil Katyal,cs.jhu.edu;amazon.com;ethz.ch;harvard.edu;rutgers.edu,,"Grasping & Manipulation;Perceptual Learning;Assembly, Logistics and Manufacturing",demo
11 - Manipulation 2,6,Manipulation,,6,346,Vib2Move: In-hand Object Reconfiguration via Fingertip Micro-vibrations,Xili Yi;Nima Fazeli,umich.edu,,Grasping & Manipulation;Robot Planning;Control & Dynamics,
11 - Manipulation 2,7,Manipulation,,7,678,Sim-and-Real Co-Training: A Simple Recipe for Vision-Based Robotic Manipulation,Abhiram Maddukuri;Zhenyu Jiang;Lawrence Yunliang Chen;Soroush Nasiriany;Yuqi Xie;Yu Fang;Wenqi Huang;Zu Wang;Zhenjia Xu;Nikita Chernyadev;Scott Reed;Ken Goldberg;Ajay Mandlekar;Linxi Fan;Yuke Zhu,berkeley.edu;utexas.edu;nyu.edu;cis.upenn.edu;nvidia.com;cs.uwaterloo.ca;dyson.co.uk;cs.utexas.edu,,Grasping & Manipulation;Robot Modeling & Simulation,
11 - Manipulation 2,8,Manipulation,,8,257,CordViP: Correspondece-based Visuomotor Policy for Dexterous Manipulation in Real-World,Yankai Fu;Ning Chen;Qiuxuan Feng;Zichen Zhou;Mengzhen Liu;Mingdong Wu;Tianxing Chen;Shanyu Rong;Jiaming Liu;Hao Dong;Shanghang Zhang,pku.edu.cn;stu.pku.edu.cn;tju.edu;pjlab.org.cn;whu.edu.cn;bit.edu.cn,yes,Robot Learning: Imitation Learning;Grasping & Manipulation,
11 - Manipulation 2,9,Manipulation,,9,109,Complementarity-Free Multi-Contact Modeling and Optimization for Dexterous Manipulation,Wanxin Jin,asu.edu,,Grasping & Manipulation;Robot Modeling & Simulation;Control & Dynamics,
12 - Control & Dynamics,1,Control,maybe,1,495,Safe Beyond the Horizon: Efficient Sampling-based MPC with Neural Control Barrier Functions,Ji Yin;Oswin So;Eric Yang Yu;Chuchu Fan;Panagiotis Tsiotras,mit.edu;gatech.edu,,Control & Dynamics;Robot Planning;Autonomous Vehicle Navigation & Mobile Robots,
12 - Control & Dynamics,2,Control,,2,822,Dynamic Safety in Complex Environments: Synthesizing Safety Filters with Poissonâ€™s Equation,Gilbert Bahati;Ryan M. Bena;Aaron Ames,caltech.edu,,Control & Dynamics;Autonomous Vehicle Navigation & Mobile Robots;Formal Methods for Robotics,
12 - Control & Dynamics,3,Control,,3,771,Bridging Model Predictive Control and Deep Learning for Scalable Reachability Analysis,Zeyuan Feng;Le Qiu;Somil Bansal,mails.tsinghua.edu.cn;stanford.edu,,Control & Dynamics,
12 - Control & Dynamics,4,Control,maybe,4,836,Distilling Contact Planning for Fast Trajectory Optimization in Robot Air Hockey,Julius Jankowski;Ante Marić;Puze Liu;Davide Tateo;Jan Peters;Sylvain Calinon,tu-darmstadt.de;amazon.com;dfki.de;epfl.ch;idiap.ch,,Control & Dynamics;Robot Planning;Robot Learning: Model Learning,
12 - Control & Dynamics,5,Control,,5,769,Leveling the Playing Field: Carefully Comparing Classical and Learned Controllers for Quadrotor Trajectory Tracking,Pratik Kunapuli;Jake Welde;Dinesh Jayaraman;Vijay Kumar,upenn.edu;seas.upenn.edu,,"Control & Dynamics;Robot Learning: Reinforcement Learning;Field Robotics (e.g., Aerial, Agricultural, Construction, Space, Underwater Robotics)",
12 - Control & Dynamics,6,Control,,6,233,A Generic Continuous Multi-Joint Spinal Robotic System for Agile and Accurate Behaviors with GNN-MPC method,Ying Wu;Zida Zhou;RenmingLiu;Lanxiang Zheng;Hui Cheng,sysu.edu.cn;sysu.edu;mail2.sysu.edu.cn,yes,Bioinspired Robots;Control & Dynamics;Mechanisms & Design,
12 - Control & Dynamics,7,Control,,7,514,Behavior Synthesis via Contact-Aware Fisher Information Maximization,Hrishikesh Sathyanarayan;Ian Abraham,yale.edu,,Control & Dynamics;Robot Learning: Model Learning;Robot Planning,
12 - Control & Dynamics,8,Control,,8,615,Geometric Gait Optimization for Kinodynamic Systems Using a Lie Group Integrator,Yanhao Yang;Ross Hatton,oregonstate.edu,,Control & Dynamics;Robot Modeling & Simulation;Robot Planning,
12 - Control & Dynamics,9,Control,,9,74,Riemannian Direct Trajectory Optimization of Rigid Bodies on Matrix Lie Groups,Sangli Teng;Tzu-Yuan Lin;William A Clark;Ram Vasudevan;Maani Ghaffari,cornell.edu;mit.edu;umich.edu,,Control & Dynamics;Robot Planning;Robot Modeling & Simulation,
12 - Control & Dynamics,10,Control,,10,263,"Provably-Safe, Online System Identification",Bohao Zhang;zichang zhou;Ram Vasudevan,umich.edu,,Control & Dynamics;Robot Planning;Grasping & Manipulation,
13 - Mobile Manipulation and Locomotion,1,Loco-Manipulation,,1,383,Human2LocoMan: Learning Versatile Quadrupedal Manipulation with Human Pre-Training,Yaru Niu;Yunzhe Zhang;Mingyang Yu;Changyi Lin;Chenhao Li;Yikai Wang;Yuxiang Yang;Wenhao Yu;Tingnan Zhang;Zhenzhen Li;Jonathan Francis;Bingqing Chen;Jie Tan;Ding Zhao,cmu.edu;andrew.cmu.edu;cs.washington.edu;tsinghua.edu.cn;mails.tsinghua.edu.cn;google.com;bosch.com,,Grasping & Manipulation;Robot Learning: Imitation Learning;Robot Learning: Datasets and Benchmarks,
13 - Mobile Manipulation and Locomotion,2,RL,maybe,2,236,Gain Tuning Is Not What You Need: Reward Gain Adaptation for Constrained Locomotion Learning,Arthicha Srisuchinnawong;Poramate Manoonpong,vistec.ac.th,,Robot Learning: Reinforcement Learning;Humanoid & Walking Robots;Bioinspired Robots,
13 - Mobile Manipulation and Locomotion,3,humanoids,,3,791,SATA: Safe and Adaptive Torque-Based Locomotion Policies Inspired by Animal Learning,LI Peizhuo;Hongyi LI;GE SUN;Jin Cheng;Xinrong Yang;Guillaume Bellegarda;Milad Shafiee Ashtiani;Yuhong Cao;Auke Ijspeert;Guillaume Adrien Sartoretti,epfl.ch;ethz.ch;nus.edu;u.nus.edu;nus.edu.sg,,Humanoid & Walking Robots;Robot Learning: Reinforcement Learning;Bioinspired Robots,
13 - Mobile Manipulation and Locomotion,4,Loco-Manipulation,,4,717,Bridging the Sim-to-Real Gap for Athletic Loco-Manipulation,Nolan Fey;Gabriel B. Margolis;Martin Peticco;Pulkit Agrawal,mit.edu,,Humanoid & Walking Robots;Robot Learning: Reinforcement Learning;Robot Learning: Model Learning,
13 - Mobile Manipulation and Locomotion,5,Loco-Manipulation,,5,170,Adaptive Locomotion on Mud through Proprioceptive Sensing of Substrate Properties,Shipeng Liu;Jiaze Tang;Siyuan Meng;Feifei Qian,usc.edu,,"Bioinspired Robots;Humanoid & Walking Robots;Field Robotics (e.g., Aerial, Agricultural, Construction, Space, Underwater Robotics)",
13 - Mobile Manipulation and Locomotion,6,Loco-Manipulation,,6,297,Discrete-Time Hybrid Automata Learning: Legged Locomotion Meets Skateboarding,Hang Liu;Sangli Teng;Ben Liu;Wei Zhang;Maani Ghaffari,mail.sustech.edu.cn;sustech.edu.cn;umich.edu,,Cognitive Modeling & Knowledge Representation for Robots;Robot Learning: Reinforcement Learning;Humanoid & Walking Robots,
13 - Mobile Manipulation and Locomotion,7,Loco-Manipulation,,7,715,SafeMimic: Towards Safe and Autonomous Human-to-Robot Imitation for Mobile Manipulation,Arpit Bahety;Arnav Balaji;Ben Abbatematteo;Roberto Martín-Martín,amazon.com;utexas.edu,,Grasping & Manipulation;Robot Learning: Imitation Learning;Robot Learning: Reinforcement Learning,
13 - Mobile Manipulation and Locomotion,8,Perception and Navigation,,8,439,DVS: Dynamic Virtual-Real Simulation Platform for Mobile Robotic Tasks,Zijie Zheng;Zeshun Li;Yunpeng Wang;Qinghongbing Xie;Long ZENG,tsinghua.edu.cn;tju.edu.cn;mails.tsinghua.edu.cn,yes,"Robot Modeling & Simulation;Human-Robot Interaction;Robot Perception, Sensing & Vision",
13 - Mobile Manipulation and Locomotion,9,Loco-Manipulation,,9,613,Flying Hand: End-Effector-Centric Framework for Versatile Aerial Manipulation Teleoperation and Policy Learning,Guanqi He;Xiaofeng Guo;Luyi Tang;Yuanhang Zhang;Mohammadreza Mousaei;Jiahe Xu;Junyi Geng;Sebastian Scherer;Guanya Shi,cmu.edu;psu.edu;andrew.cmu.edu,,"Control & Dynamics;Robot Learning: Imitation Learning;Field Robotics (e.g., Aerial, Agricultural, Construction, Space, Underwater Robotics)",
14 - Robot Design,1,Design,,1,182,RUKA: Rethinking the Design of Humanoid Hands with Learning,Anya Zorin;Irmak Guzey;Nikhil X. Bhattasali;Lerrel Pinto,cs.nyu.edu;nyu.edu,,Grasping & Manipulation;Mechanisms & Design;Robot Learning: Imitation Learning,
14 - Robot Design,2,Design,,2,683,"Demonstrating LEAP Hand V3: Low-Cost, Easy-to-Assemble, High-Performance Hand for Robot Learning",Kenneth Shaw;Deepak Pathak,cmu.edu;skild.ai,,Grasping & Manipulation;Robot Learning: Imitation Learning;Robot Learning: Reinforcement Learning,demo
14 - Robot Design,3,Design,,3,330,Tactile sensing enables vertical obstacle negotiation for elongate many-legged robots,Juntao He;Baxi Chong;Massimiliano Iaschi;Vincent R Nienhusser;Sehoon Ha;Daniel Goldman,gatech.edu,,"Bioinspired Robots;Field Robotics (e.g., Aerial, Agricultural, Construction, Space, Underwater Robotics);Mechanisms & Design",
14 - Robot Design,4,Design,,4,93,Boxi: Design Decisions in the Context of Algorithmic Performance for Robotics,Jonas Frey;Turcan Tuna;Lanke Frank Tarimo Fu;Cedric Weibel;Katharine Patterson;Benjamin Krummenacher;Matthias Müller;Julian Nubert;Maurice Fallon;Cesar Cadena;Marco Hutter,ox.ac.uk;gmail.com;leggedrobotics.com;ethz.ch;robots.ox.ac.uk;mavt.ethz.ch,,"Robot Perception, Sensing & Vision;Mechanisms & Design;Robot State Estimation, Localization & Mapping",
14 - Robot Design,5,Design,,5,735,emg2tendon: From sEMG Signals to Tendon Control in Musculoskeletal Hands,Sagar Verma,centralesupelec.fr,,Grasping & Manipulation;Robot Learning: Datasets and Benchmarks;Robot Learning: Model Learning,
15 - Navigation,1,Navigation,,1,673,CREStE: Scalable Mapless Navigation with Internet Scale Priors and Counterfactual Guidance,Arthur Zhang;Harshit Sikchi;Joydeep Biswas;Amy Zhang,utexas.edu;cs.utexas.edu,,Autonomous Vehicle Navigation & Mobile Robots;Perceptual Learning;Robot Learning: Imitation Learning,
15 - Navigation,2,Navigation,,2,509,Generalizing Safety Beyond Collision-Avoidance via Latent-Space Reachability Analysis,Kensuke Nakamura;Lasse Peters;Andrea Bajcsy,cmu.edu;tudelft.nl;andrew.cmu.edu,,Formal Methods for Robotics;Robot Learning: Reinforcement Learning;Robot Learning: Model Learning,
15 - Navigation,3,Navigation,,3,306,Verti-Bench: A General and Scalable Off-Road Mobility Benchmark for Vertically Challenging Terrain,Tong Xu;Chenhui Pan;Madhan B. Rao;Aniket Datar;Anuj Pokhrel;Yuanjie Lu;Xuesu Xiao,gmu.edu,,"Autonomous Vehicle Navigation & Mobile Robots;Field Robotics (e.g., Aerial, Agricultural, Construction, Space, Underwater Robotics);Robot Planning",
15 - Navigation,4,Navigation,,4,102,Meta-Learning Online Dynamics Model Adaptation in Off-Road Autonomous Driving,Jacob Levy;Jason Gibson;Bogdan Vlahov;Erica Tevere;Evangelos Theodorou;David Fridovich-Keil;Patrick Spieler,jpl.nasa.gov;utexas.edu;gatech.edu,,Autonomous Vehicle Navigation & Mobile Robots;Robot Learning: Model Learning;Control & Dynamics,
15 - Navigation,5,Navigation,,5,144,Enhancing Autonomous Driving Systems with On-Board Deployed Large Language Models,Nicolas Baumann;Cheng Hu;Paviththiren Sivasothilingam;Haotong Qin;Lei Xie;Michele Magno;Luca Benini,ethz.edu;zjut.edu.cn;ethz.ch;zju.edu.cn;student.ethz.ch,,Autonomous Vehicle Navigation & Mobile Robots;Cognitive Modeling & Knowledge Representation for Robots;Robot Learning: Foundation Models,
15 - Navigation,6,Navigation,,6,745,Demonstrating CavePI: Autonomous Exploration of Underwater Caves by Semantic Guidance,Alankrit Gupta;Adnan Abdullah;Xianyao Li;Vaishnav Ramesh;Ioannis Rekleitis;Md Jahidul Islam,udel.edu;ufl.edu,,"Field Robotics (e.g., Aerial, Agricultural, Construction, Space, Underwater Robotics);Autonomous Vehicle Navigation & Mobile Robots;Assistive, Entertainment and Service Robots",demo
15 - Navigation,7,Navigation,,7,163,RAPID: Robust and Agile Planner Using Inverse Reinforcement Learning for Vision-Based Drone Navigation,Minwoo Kim;Geunsik Bae;Jinwoo Lee;Woojae Shin;Changseung Kim;Myongyol Choi;Heejung Shin;Hyongdong Oh,unist.ac.kr,,"Robot Perception, Sensing & Vision;Robot Learning: Reinforcement Learning;Robot Planning",
15 - Navigation,8,Navigation,,8,449,Neural Inertial Odometry from Lie Events,Royina Karegoudra Jayanth;Yinshuang Xu;Evangelos Chatzipantazis;Kostas Daniilidis;Daniel Gehrig,athenarc.gr;upenn.edu;seas.upenn.edu,,"Robot Perception, Sensing & Vision;Robot State Estimation, Localization & Mapping",
15 - Navigation,9,Prediction,,9,269,Uncertainty-Aware Trajectory Prediction via Rule-Regularized Heteroscedastic Deep Classification,Kumar Manas;Christian Schlauch;Adrian Paschke;Christian wirth;Nadja Klein,continental-corporation.com;conti.com;kit.edu;fu-berlin.de,,Autonomous Vehicle Navigation & Mobile Robots;Robot Learning: Model Learning;Robot Planning,
16 - Manipulation 3,1,Manipulation,,1,468,Prompting with the Future: Open-World Model Predictive Control with Interactive Digital Twins,Chuanruo Ning;Kuan Fang;Wei-Chiu Ma,cornell.edu,,Grasping & Manipulation;Robot Planning;Robot Learning: Foundation Models,
16 - Manipulation 3,2,Manipulation,,2,146,Novel Demonstration Generation with Gaussian Splatting Enables Robust One-Shot Manipulation,Sizhe Yang;Wenye Yu;Jia Zeng;Jun Lv;Kerui Ren;Cewu Lu;Dahua Lin;Jiangmiao Pang,cuhk.hk;sjtu.edu.cn;cuhk.edu.hk;pjlab.org.cn,yes,Grasping & Manipulation;Robot Learning: Imitation Learning;Robot Learning: Model Learning,
16 - Manipulation 3,3,Manipulation,,3,825,STDArm: Transfer Visuomotor Policy From Static Data Training to Dynamic Robot Manipulation,Yifan Duan;Heng Li;Yilong Wu;Wenhao Yu;xinran zhang;Yedong Shen;Jianmin Ji;Yanyong Zhang,ustc.edu.cn;mail.ustc.edu.cn;ustc.edu,,"Grasping & Manipulation;Robot Learning: Imitation Learning;Field Robotics (e.g., Aerial, Agricultural, Construction, Space, Underwater Robotics)",
16 - Manipulation 3,4,Manipulation,,4,331,PartInstruct: Part-level Instruction Following for Fine-grained Robot Manipulation,Yifan Yin;Zhengtao Han;Shivam Aarya;Shuhang Xu;Jianxin Wang;Jiawei Peng;Angtian Wang;Alan Yuille;Tianmin Shu,jhu.edu;bytedance.com;johnshopkins.edu;jh.edu,,Robot Learning: Datasets and Benchmarks;Robot Learning: Imitation Learning;Grasping & Manipulation,
16 - Manipulation 3,5,Manipulation,,5,117,You Only Teach Once: Learn One-Shot Bimanual Robotic Manipulation from Video Demonstrations,Huayi Zhou;Ruixiang Wang;Yunxin Tai;Yueci Deng;Guiliang Liu;Kui Jia,dexforce.com;stu.hit.edu.cn;cuhk.edu.hk;cuhk.edu.cn;scut.edu.cn,,Grasping & Manipulation;Human-Robot Interaction;Robot Learning: Imitation Learning,
16 - Manipulation 3,6,Manipulation,,6,42,Manual2Skill: Learning to Read Manuals and Acquire Robotic Skills for Furniture Assembly Using Vision-Language Models,Chenrui Tie;Shengxiang Sun;Jinxuan Zhu;Yiwei Liu;Jingxiang Guo;Yue Hu;Haonan Chen;Junting Chen;Ruihai Wu;Lin Shao,pku.edu.cn;mail.utoronto.ca;stu.hit.edu.cn;nus.edu;u.nus.edu;zju.edu.cn;nus.edu.sg,,"Cognitive Modeling & Knowledge Representation for Robots;Assembly, Logistics and Manufacturing;Robot Learning: Foundation Models",
16 - Manipulation 3,7,Manipulation,,7,98,Sketch-to-Skill: Bootstrapping Robot Learning with Human Drawn Trajectory Sketches,Peihong Yu;Amisha Bhaskar;Anukriti Singh;Zahiruddin Mahammad;Pratap Tokekar,umd.edu,,Grasping & Manipulation;Robot Learning: Reinforcement Learning;Robot Learning: Imitation Learning,
16 - Manipulation 3,8,Manipulation,,7,139,RoboMIND: Benchmark on Multi-embodiment Intelligence Normative Data for Robot Manipulation,Kun Wu;Chengkai Hou;Jiaming Liu;Zhengping Che;Xiaozhu Ju;Zhuqin Yang;Meng Li;Yinuo Zhao;Zhiyuan Xu;Guang Yang;Shichao Fan;Xinhua Wang;Fei Liao;Zhen Zhao;Guangyu Li;Zhao Jin;Lecheng Wang;Jilei Mao;Ning Liu;Pei Ren;Qiang Zhang;Yaoxu Lyu;Mengzhen Liu;He Jingyang;Yulin Luo;Zeyu Gao;Chenxuan Li;Chenyang Gu;Yankai Fu;Di Wu;Xingyu Wang;Sixiang Chen;Zhenyu Wang;Pengju An;Siyuan Qian;Shanghang Zhang;Jian Tang,ustc.edu.cn;pku.edu.cn;x-humanoid.com;hkust.edu;bupt.edu.cn;syr.edu;stu.pku.edu.cn;smail.nju.edu.cn;midea.com;tum.de;buaa.edu;ia.ac.cn;usc.edu;whu.edu.cn;bit.edu.cn,yes,Robot Learning: Foundation Models;Robot Learning: Datasets and Benchmarks,
16 - Manipulation 3,9,Manipulation,,8,253,PIN-WM: Learning Physics-INformed World Models for Non-Prehensile Manipulation,Wenxuan Li;Hang Zhao;Zhiyuan Yu;Yu Du;Qin Zou;Ruizhen Hu;Kai Xu,nudt.edu.cn;szu.edu.cn;mail.tsinghua.edu.cn;whu.edu.cn,yes,Grasping & Manipulation;Robot Learning: Model Learning;Robot Learning: Reinforcement Learning,
16 - Manipulation 3,10,Manipulation,,9,488,Hierarchical and Modular Network on Non-prehensile Manipulation in General Environments,Yoonyoung Cho;Junhyek Han;Jisu Han;Beomjoon Kim,kaist.ac.kr,,Grasping & Manipulation;Robot Learning: Reinforcement Learning,
17 - Imitation Learning 2,1,Imitation Learning,,1,750,Bridging Perception and Action: Spatially-Grounded Mid-Level Representations for Robot Generalization,Jonathan Heewon Yang;Chuyuan Fu;Dhruv Shah;Dorsa Sadigh;Fei Xia;Tingnan Zhang,google.com;stanford.edu,,Robot Learning: Imitation Learning;Grasping & Manipulation;Robot Learning: Model Learning,
17 - Imitation Learning 2,2,Imitation Learning,,2,100,ArticuBot: Learning Universal Articulated Object Manipulation Policy via Large Scale Simulation,Yufei Wang;Ziyu Wang;Mino Nakura;Pratik Bhowal;Chia-Liang Kuo;Yi-Ting Chen;Zackory Erickson;David Held,cmu.edu;andrew.cmu.edu;nycu.edu.tw;tsinghua.edu.cn;cs.nycu.edu.tw;cs.cmu.edu,,Robot Learning: Imitation Learning;Grasping & Manipulation;Robot Learning: Foundation Models,
17 - Imitation Learning 2,3,Imitation Learning,,3,11,DemoGen: Synthetic Demonstration Generation for Data-Efficient Visuomotor Policy Learning,Zhengrong Xue;Shuying Deng;Zhenyang Chen;Yixuan Wang;Zhecheng Yuan;Huazhe Xu,tsinghua.edu.cn;mails.tsinghua.edu.cn;gatech.edu,,Robot Learning: Imitation Learning;Grasping & Manipulation;Robot Learning: Datasets and Benchmarks,
17 - Imitation Learning 2,4,Imitation Learning,,4,367,IMLE Policy: Fast and Sample Efficient Visuomotor Policy Learning via Implicit Maximum Likelihood Estimation,Krishan Rana;Robert Lee;David Pershouse;Niko Suenderhauf,woven.toyota;qut.edu.au,,Robot Learning: Imitation Learning;Grasping & Manipulation;Robot Learning: Model Learning,
17 - Imitation Learning 2,5,Imitation Learning,,5,498,Dynamic Rank Adjustment in Diffusion Policies for Efficient and Flexible Training,Xiatao Sun;Shuo Yang;Yinxing Chen;Francis Fan;Yiyan (Edgar) Liang;Daniel Rakita,upenn.edu;yale.edu;seas.upenn.edu,,Robot Learning: Imitation Learning;Grasping & Manipulation;Robot Planning,
17 - Imitation Learning 2,6,Imitation Learning,,6,434,Gripper Pose and Object Pointflow as Interfaces for Robotic Bimanual Manipulation,Yuyin Yang;Zetao Cai;Yang Tian;Jia Zeng;Jiangmiao Pang,zju.edu.cn;pku.edu.cn;fudan.edu.cn;pjlab.org.cn,yes,"Robot Learning: Imitation Learning;Grasping & Manipulation;Robot Perception, Sensing & Vision",
17 - Imitation Learning 2,7,Imitation Learning,,7,92,SKIL: Semantic Keypoint Imitation Learning for Generalizable Data-efficient Manipulation,Shengjie Wang;Jiacheng You;Yihang Hu;Jiongye Li;Yang Gao,tsinghua.edu.cn;mails.tsinghua.edu.cn,yes,Robot Learning: Imitation Learning;Grasping & Manipulation;Robot Planning,
17 - Imitation Learning 2,8,Imitation Learning,,8,422,Diffeomorphic Obstacle Avoidance for Contractive Dynamical Systems via Implicit Representations,Ken-Joel Simmoteit;Philipp Schillinger;Leonel Rozo,kit.edu;de.bosch.com,,Robot Learning: Imitation Learning;Control & Dynamics;Grasping & Manipulation,
17 - Imitation Learning 2,9,Imitation Learning,,9,268,Learning Interpretable Features from Interventions,Erin Hedlund-Botti;Julianna Schalkwyk;Nina Marie Moorman;Chuxuan Yang;Lakshmi Seelam;Sanne van Waveren;Russell Perkins;Paul Robinette;Matthew Craig Gombolay,cc.gatech.edu;uml.edu;gatech.edu,,"Robot Learning: Imitation Learning;Assistive, Entertainment and Service Robots;Human-Robot Interaction",